"repo";"org";"committer";"date";"url";"sha"
"hammer-bro";"Albatoss";"Usr45";"2017-08-17T23:12:42Z";"https://api.github.com/repos/Albatoss/hammer-bro/commits/7bfd66a27126c6c05449ee177691a969cb936fdc";"040e92e96367dbd326517bb88acf882d3eb77612"
"king-koopa";"Albatoss";"Hollywood";"2019-02-01T20:56:17Z";"https://api.github.com/repos/Albatoss/king-koopa/commits/73907e9302b9380630198e4b29a209f3c97b3f2e";"d6c77f2999fb05d721d25f510ddc13697c5f0d9f"
"king-koopa";"Albatoss";"Hollywood";"2018-08-16T18:43:16Z";"https://api.github.com/repos/Albatoss/king-koopa/commits/b4302d0234e364e3ebfeeccfcc34a5274f013cd5";"9059f2e85cc7a77351b2db895afc174af89e8e31"
"king-koopa";"Albatoss";"Hollywood";"2018-08-16T18:39:25Z";"https://api.github.com/repos/Albatoss/king-koopa/commits/6484b8e2d885ab42fb40df33333cbc1a4a24294a";"5a987e5ac61afcf50750892ad944bdd52537bdba"
"king-koopa";"Albatoss";"Usr45";"2017-08-17T23:11:56Z";"https://api.github.com/repos/Albatoss/king-koopa/commits/4218049cbb7165fcd87a9b59764d2ef286756bfb";"10499dc1637ed9223a88cfecf1063d180e33f707"
"Mario";"Albatoss";"Hollywood";"2018-07-02T23:22:17Z";"https://api.github.com/repos/Albatoss/Mario/commits/16e639a4d719ffd06c29fd5d50eded894c4f5990";"2b8d167d4ae1ecdfaf16bc9236c7ba9b053fc4c8"
"merge-test";"Albatoss";"Hollywood";"2018-08-08T19:30:39Z";"https://api.github.com/repos/Albatoss/merge-test/commits/a9eff9161aeac7a0cde0b2ecc43729506f4b42a7";"4718644d61378c29750fc0e1b90293270d78ed87"
"merge-test";"Albatoss";"Hollywood";"2018-07-31T00:12:41Z";"https://api.github.com/repos/Albatoss/merge-test/commits/bc1f63fad7c9a3e4613abd5abb9446706b8614a0";"dd56c02bd8d4a84a926fd421a4929a9f551fb129"
"merge-test";"Albatoss";"Hollywood";"2018-07-31T00:09:38Z";"https://api.github.com/repos/Albatoss/merge-test/commits/6502ad67e1963fb2ae6d5fa3d5ef89321d905be8";"d2470f8362a57bf529f61e78c283386ed80fbe28"
"merge-test";"Albatoss";"Hollywood";"2018-07-31T00:06:45Z";"https://api.github.com/repos/Albatoss/merge-test/commits/3f9abcdcd23e06f5b07d26d01df83a5009d7dd88";"bfc866a32120b7df806523b28fa56a22766e607e"
"org-settings";"Albatoss";"Hollywood";"2018-06-26T20:11:53Z";"https://api.github.com/repos/Albatoss/org-settings/commits/871c256780ff5335cc6b0fdd5f87148cbf64f34b";"daf0ac3a2321b51bde32a72165d21552da5a60fe"
"org-settings";"Albatoss";"Hollywood";"2018-06-26T19:12:02Z";"https://api.github.com/repos/Albatoss/org-settings/commits/c72224cd80e7074510389c055aaab585a936656a";"5e8950abd47ca717de0d1461ba9ca82ebaeccd8f"
"org-settings";"Albatoss";"Hollywood";"2018-05-10T18:23:33Z";"https://api.github.com/repos/Albatoss/org-settings/commits/2f0af50c24b759bddedef300ed0e2f992958660a";"90f95792db1c648bc8792825b6d4e6908365b1b8"
"org-settings";"Albatoss";"Hollywood";"2018-05-10T18:18:04Z";"https://api.github.com/repos/Albatoss/org-settings/commits/de0579f14d7445d6a62b2b9859baee93654e5d95";"004513a696ad4a84edc08e58bf825504b7395fb2"
"org-settings";"Albatoss";"Hollywood";"2018-05-10T18:14:24Z";"https://api.github.com/repos/Albatoss/org-settings/commits/009940e9a27ffb326cb78f870baa6e56af07dd8a";"72b7b507d097573075a39590fe497d93e324d0ad"
"org-settings";"Albatoss";"Hollywood";"2018-05-10T18:05:34Z";"https://api.github.com/repos/Albatoss/org-settings/commits/e918f00cb3fcd500d82c294c9d05ba081f8c230f";"9748f7951ddafa03841f02455014454500b5ad00"
"org-settings";"Albatoss";"Hollywood";"2018-05-10T18:05:18Z";"https://api.github.com/repos/Albatoss/org-settings/commits/ea81a001fd025d7f024c7751232a763b0a909c13";"1efb47cd5a35774faa160178d08834641b911f57"
"org-settings";"Albatoss";"Hollywood";"2018-05-01T19:51:09Z";"https://api.github.com/repos/Albatoss/org-settings/commits/407eb22e4107fffc1f9b1bb3e9f3f1f07ef98e72";"27459c47e4a74c2ef98426a28e5a54994c8e269d"
"org-settings";"Albatoss";"Hollywood";"2018-05-01T18:16:26Z";"https://api.github.com/repos/Albatoss/org-settings/commits/6c4c2b225f71777ba379caa47a55c3b557b6b3d4";"84f22000b811d802438a6bcf1d8e4e7abb589933"
"org-settings";"Albatoss";"Hollywood";"2018-05-01T18:15:48Z";"https://api.github.com/repos/Albatoss/org-settings/commits/2653c7ea303390dae01922e80f929f57943f072b";"07da7a1bc5ac41410a9ebe4b50d5500c15a1ee67"
"org-settings";"Albatoss";"Hollywood";"2018-05-01T18:02:22Z";"https://api.github.com/repos/Albatoss/org-settings/commits/49522e99ad0dca8a43b9ee0230ce38c8e53df0fc";"0c09af0a578cbf60a0face4da7a8c6a42661d2fb"
"org-settings";"Albatoss";"Hollywood";"2018-05-01T17:51:06Z";"https://api.github.com/repos/Albatoss/org-settings/commits/534bb52a79b56a2fba0fb79da9c57753dea6546d";"aec3e6cfd4e3f7b3eaeb7fd424078240b3d39774"
"org-settings";"Albatoss";"Hollywood";"2018-01-17T22:32:21Z";"https://api.github.com/repos/Albatoss/org-settings/commits/613b1c85be8ae05935c1cf5441c958958ba29cb3";"5fb679a80c8edb8019bec317cf312dcc42a6675d"
"org-settings";"Albatoss";"Hollywood";"2018-01-17T22:31:07Z";"https://api.github.com/repos/Albatoss/org-settings/commits/c297b7d6e02c3d6c584f9b6a1ce3769d3a19dd5b";"bf645d0383a4967c22f8fe92b2339f7c9ba1d38b"
"org-settings";"Albatoss";"Hollywood";"2018-01-17T22:30:34Z";"https://api.github.com/repos/Albatoss/org-settings/commits/45a4fbf8c6eb000ed5d54ed13c716d159d4842d5";"17323e4d31d031a66fdf5c5b5dd777acddc82ff6"
"branching-strategies";"Hollywood";"Hollywood";"2018-08-09T16:13:03Z";"https://api.github.com/repos/Hollywood/branching-strategies/commits/6d714887972d43179ab44b94db9d08493f909cbb";"62f58a76b79e177f45e841adfbfe3f62891490de"
"branching-strategies";"Hollywood";"Hollywood";"2018-08-09T16:11:53Z";"https://api.github.com/repos/Hollywood/branching-strategies/commits/f9d3c63b42a4b82b16a1e882801294c812631dc5";"62f58a76b79e177f45e841adfbfe3f62891490de"
"branching-strategies";"Hollywood";"Hollywood";"2018-08-09T16:11:39Z";"https://api.github.com/repos/Hollywood/branching-strategies/commits/0461ce7930ac8013a81af23b94bed814b0e6a4ef";"040074c35fc2e5576d53316a8805cd7d016e5347"
"branching-strategies";"Hollywood";"Hollywood";"2018-08-09T15:53:47Z";"https://api.github.com/repos/Hollywood/branching-strategies/commits/f3e283e20de93691db388cd0c8be709a96bb9507";"b7fd618bf622b4c8320fba418db6b54e95d8f88e"
"branching-strategies";"Hollywood";"Hollywood";"2018-08-09T15:51:50Z";"https://api.github.com/repos/Hollywood/branching-strategies/commits/f371c0483b35441eaaef0e23d7ee55a0705d2713";"b7fd618bf622b4c8320fba418db6b54e95d8f88e"
"branching-strategies";"Hollywood";"Hollywood";"2018-08-09T15:49:09Z";"https://api.github.com/repos/Hollywood/branching-strategies/commits/8c6f09c95b2e3cc183dec614588e637adbea62ed";"5e7f7b50dc87a00b11958b5dc5493edc2c475d5d"
"branching-strategies";"Hollywood";"Hollywood";"2018-08-09T15:48:40Z";"https://api.github.com/repos/Hollywood/branching-strategies/commits/226454ebd5929a8182a51030b0df7a56dc8657d9";"e56b12659abc21c0e162531ba3dbcd6d5dc2c658"
"branching-strategies";"Hollywood";"Hollywood";"2018-08-09T15:41:10Z";"https://api.github.com/repos/Hollywood/branching-strategies/commits/b5a52ffb1f81fe8c89334b0a9bca70c552028f8b";"37c8533ca4bf1021d24b820e8aa87b10e9a5ad0f"
"branching-strategies";"Hollywood";"Hollywood";"2018-08-09T15:35:54Z";"https://api.github.com/repos/Hollywood/branching-strategies/commits/255751e77e6f335e72bf151b37df70cd1d0a23d1";"50668d79bef9cf6325376ddb2c6557e8c06f3fa8"
"branching-strategies";"Hollywood";"Hollywood";"2018-08-09T15:33:58Z";"https://api.github.com/repos/Hollywood/branching-strategies/commits/b93f9124c2f3f86c3b7879a67a5a3c81f04b1d99";"f7552a01c34343d6e4e9f131ec3d28ccbc60fca3"
"branching-strategies";"Hollywood";"Hollywood";"2018-08-09T15:31:40Z";"https://api.github.com/repos/Hollywood/branching-strategies/commits/1c089f3fae5e544645cd014d24e76445292a5139";"194a49c9fd3fa7298e640b96a5fe63fec0ec8cc2"
"branching-strategies";"Hollywood";"Hollywood";"2018-08-09T15:30:53Z";"https://api.github.com/repos/Hollywood/branching-strategies/commits/5baff105190051c43da93ed93b0038c91cec69f6";"339aa2b978b74d954dd2e932c7d0ef4e099be61a"
"branching-strategies";"Hollywood";"Hollywood";"2018-08-09T15:30:37Z";"https://api.github.com/repos/Hollywood/branching-strategies/commits/cee78fa0acd8b5c40285e8965e95d923a03f62a2";"339aa2b978b74d954dd2e932c7d0ef4e099be61a"
"branching-strategies";"Hollywood";"Usr45";"2018-08-09T15:28:15Z";"https://api.github.com/repos/Hollywood/branching-strategies/commits/88a5d523f5100830e9e7dfa53bfe65dcaa19e179";"194a49c9fd3fa7298e640b96a5fe63fec0ec8cc2"
"branching-strategies";"Hollywood";"Hollywood";"2018-08-09T14:48:35Z";"https://api.github.com/repos/Hollywood/branching-strategies/commits/75d82689edb243c7b77bd341eaf4145031a20371";"3beddf988c42d405a0ec4d6f68a9dcaea3d5f5d1"
"probot-org-settings";"Hollywood";"Hollywood";"2018-02-01T15:26:24Z";"https://api.github.com/repos/Hollywood/probot-org-settings/commits/d287c389bbcafe5967e14a284a4c36b0f6adcb0a";"16d8494ae7564bf48b7fef6f67f61d7c071b46ba"
"probot-org-settings";"Hollywood";"Hollywood";"2018-01-18T04:24:34Z";"https://api.github.com/repos/Hollywood/probot-org-settings/commits/1dc71b0042b51c150e15893250a772cc33c62384";"822af72d53315263a671b9811dcf6756fbce51b9"
"probot-org-settings";"Hollywood";"Hollywood";"2018-01-18T04:23:26Z";"https://api.github.com/repos/Hollywood/probot-org-settings/commits/c538a637e13de853c0a8639b32c655a91bae12c1";"3bedefd5d8d86ffeb2e16e1bc26e6f59f150b986"
"remove-outside-collaborators";"Hollywood";"Hollywood";"2018-06-28T01:07:06Z";"https://api.github.com/repos/Hollywood/remove-outside-collaborators/commits/1bcf5a66681f9b97ce47c83933d7b37d899a5e80";"c5a44fc47d8b24d33bdc037d9d8b7bd07c721f18"
"remove-outside-collaborators";"Hollywood";"Hollywood";"2018-06-28T01:05:26Z";"https://api.github.com/repos/Hollywood/remove-outside-collaborators/commits/0cc967f3f357b83f137fe48e67cf20680e097f58";"c5a44fc47d8b24d33bdc037d9d8b7bd07c721f18"
"remove-outside-collaborators";"Hollywood";"Hollywood";"2018-06-28T00:56:36Z";"https://api.github.com/repos/Hollywood/remove-outside-collaborators/commits/0565ef22f5c0631011471f62f17ddbb9e112789e";"785b7d3d2a48a5b3c5f3fe4497adea20e18314fa"
"remove-outside-collaborators";"Hollywood";"Hollywood";"2018-06-28T00:22:13Z";"https://api.github.com/repos/Hollywood/remove-outside-collaborators/commits/46bcdcf49fb45b45ede3c857511bd82e974de588";"56abe85ffeb89c843a8744b3f298dce25675517e"
"remove-outside-collaborators";"Hollywood";"Hollywood";"2018-06-27T23:08:16Z";"https://api.github.com/repos/Hollywood/remove-outside-collaborators/commits/8dc2e6a3883effa06906acbb7203aa3688365d7a";"f106ba4b075b9aa0d1ae7b4772dc91efd890fc7c"
"remove-outside-collaborators";"Hollywood";"Hollywood";"2018-06-27T20:40:23Z";"https://api.github.com/repos/Hollywood/remove-outside-collaborators/commits/1dad975e71ba8eab1d2022542e66845183700271";"3e5f07c89a6f8b3f30df4b0b9beca41a767ba1ad"
"remove-outside-collaborators";"Hollywood";"Hollywood";"2018-06-26T21:00:26Z";"https://api.github.com/repos/Hollywood/remove-outside-collaborators/commits/3da8108d9898f329e8ece20d04cc332c6e1e6c83";"2b4fc07b7cd46e989c95052d4c763684ad2406d2"
"remove-outside-collaborators";"Hollywood";"Hollywood";"2018-06-26T20:30:30Z";"https://api.github.com/repos/Hollywood/remove-outside-collaborators/commits/9482b58109007453ec1cabe27ffa6996c1e20786";"c97dc603ba98a9104f6fc00565853abd9e5f691d"
"remove-outside-collaborators";"Hollywood";"Hollywood";"2018-05-01T20:19:10Z";"https://api.github.com/repos/Hollywood/remove-outside-collaborators/commits/bd5fccfb7e2dd9bd04fa593644ea0c64d76cf9a9";"d7b30e4328d182fe167fb9d04b68a7b338aa5700"
"remove-outside-collaborators";"Hollywood";"Hollywood";"2018-05-01T20:16:35Z";"https://api.github.com/repos/Hollywood/remove-outside-collaborators/commits/575698ea44713a3e1ad4556084ff9f4a629fb660";"d7b30e4328d182fe167fb9d04b68a7b338aa5700"
"remove-outside-collaborators";"Hollywood";"Hollywood";"2018-05-01T20:11:00Z";"https://api.github.com/repos/Hollywood/remove-outside-collaborators/commits/23ee831ad3132f513b587f033ec5b8b5680fed7a";"50a3e75b542f8d3079b8493cda027e4e4b5ff1d2"
"remove-outside-collaborators";"Hollywood";"Hollywood";"2018-05-01T19:30:42Z";"https://api.github.com/repos/Hollywood/remove-outside-collaborators/commits/e21c884a4fc7bc9b5165c11699eb140540674c8b";"6699b3e8f3f330e38eb19dd261195caf6f7a3ee2"
"remove-outside-collaborators";"Hollywood";"Hollywood";"2018-05-01T19:30:31Z";"https://api.github.com/repos/Hollywood/remove-outside-collaborators/commits/22438d638ff0c490fe214ef8426a8e7189116169";"6699b3e8f3f330e38eb19dd261195caf6f7a3ee2"
"remove-outside-collaborators";"Hollywood";"Hollywood";"2018-05-01T19:27:13Z";"https://api.github.com/repos/Hollywood/remove-outside-collaborators/commits/478b201fa18ee3b603d83510e0abb1e4e6dfdef9";"3408200005e7166688f84cae8916b25d7619cc31"
"remove-outside-collaborators";"Hollywood";"Hollywood";"2018-05-01T18:39:15Z";"https://api.github.com/repos/Hollywood/remove-outside-collaborators/commits/f69ce0457be8ff1d1050b391bc217287f3371708";"20ebdb624a90c856f904f9ab404fa4b552b5609b"
"remove-outside-collaborators";"Hollywood";"Hollywood";"2018-05-01T18:38:46Z";"https://api.github.com/repos/Hollywood/remove-outside-collaborators/commits/fb9544d7d19021075ba1e36bda8737f138fdd66a";"f1da6bfa3298c74e95500ccbb73b5a657d610efa"
"remove-outside-collaborators";"Hollywood";"Usr45";"2018-05-01T18:19:39Z";"https://api.github.com/repos/Hollywood/remove-outside-collaborators/commits/3638ec04d6f19a2fef1e4d26e591f61c92238d22";"4f7eb883f41c3267794f54689ebf0e743a57b269"
"remove-outside-collaborators";"Hollywood";"Hollywood";"2018-05-01T18:13:11Z";"https://api.github.com/repos/Hollywood/remove-outside-collaborators/commits/495556372bc569cb1b095017daa27d939f583374";"527b20ee85212bcc0c8cddb5994c0a19c2ede1fb"
"remove-outside-collaborators";"Hollywood";"Hollywood";"2018-05-01T18:10:22Z";"https://api.github.com/repos/Hollywood/remove-outside-collaborators/commits/ea63b119e715535bba48080ebbd2d3113b611966";"527b20ee85212bcc0c8cddb5994c0a19c2ede1fb"
"remove-outside-collaborators";"Hollywood";"Hollywood";"2018-04-13T18:18:13Z";"https://api.github.com/repos/Hollywood/remove-outside-collaborators/commits/aecc96c160bb3aef473d542fc61930d34a032317";"45df105811ec6daa829919aa3a97376a716d3148"
"remove-outside-collaborators";"Hollywood";"Hollywood";"2018-04-13T01:18:25Z";"https://api.github.com/repos/Hollywood/remove-outside-collaborators/commits/eae496e41b0c9571983dd9fc004132ba36c335d6";"ae3b19fc27ecb93c164ee779747b3c10d1a5c231"
"remove-outside-collaborators";"Hollywood";"Hollywood";"2018-04-13T01:14:34Z";"https://api.github.com/repos/Hollywood/remove-outside-collaborators/commits/bc79b2dd0b00385abc165b545beac2d049b753c7";"ae3b19fc27ecb93c164ee779747b3c10d1a5c231"
"remove-outside-collaborators";"Hollywood";"Hollywood";"2018-04-13T00:49:50Z";"https://api.github.com/repos/Hollywood/remove-outside-collaborators/commits/c8281dd7470cdcb6ffd6bf66cc8ec1f661ffa102";"d5bbf607fbb4cc49d0facc1095bd077784f0edc6"
"remove-outside-collaborators";"Hollywood";"Hollywood";"2018-04-13T00:46:35Z";"https://api.github.com/repos/Hollywood/remove-outside-collaborators/commits/e1fecc23170fe5e058a1d15b6b1af6bb0e7a9b83";"66fa1ccc7e8d7cfed6d6cd0fce2c8f4506a5adee"
"remove-outside-collaborators";"Hollywood";"Hollywood";"2018-04-13T00:34:13Z";"https://api.github.com/repos/Hollywood/remove-outside-collaborators/commits/a92e6350f8b16ea4c9c797eeb6b94375e3617d97";"b2cbbeb81b532d2e75fb18a9c1a2410def152a4d"
"remove-outside-collaborators";"Hollywood";"Hollywood";"2018-04-13T00:15:02Z";"https://api.github.com/repos/Hollywood/remove-outside-collaborators/commits/416e358b77c992dd5c74782742b8a30d864c7c60";"c4bfc2e91eb919198656333fa6426b6ff6402c4b"
"remove-outside-collaborators";"Hollywood";"Hollywood";"2018-04-12T19:29:46Z";"https://api.github.com/repos/Hollywood/remove-outside-collaborators/commits/113dae77fc70b974207e2be01660744de4f51aac";"394f142f46f84c040a5797b8eed727ea693a681a"
"remove-outside-collaborators";"Hollywood";"Hollywood";"2018-04-12T19:29:15Z";"https://api.github.com/repos/Hollywood/remove-outside-collaborators/commits/de18876eeb9c9c8c8ff046fbf6e38bd4781fe6f3";"394f142f46f84c040a5797b8eed727ea693a681a"
"remove-outside-collaborators";"Hollywood";"Hollywood";"2018-04-12T19:20:46Z";"https://api.github.com/repos/Hollywood/remove-outside-collaborators/commits/a447476154be89abc6509c258b1d1e255da85079";"a7e317241aa2b9b0506dc88e560d220e753e3a26"
"remove-outside-collaborators";"Hollywood";"Hollywood";"2018-04-12T19:20:08Z";"https://api.github.com/repos/Hollywood/remove-outside-collaborators/commits/8330c63b8fcd60a7ce4286c6e9d80e8d03b35f87";"a7e317241aa2b9b0506dc88e560d220e753e3a26"
"remove-outside-collaborators";"Hollywood";"Hollywood";"2018-04-12T18:56:45Z";"https://api.github.com/repos/Hollywood/remove-outside-collaborators/commits/183da5b4ae72f594b9690d2dfd5759e224d662a9";"293c007f1679fc0a32b8dee76669bf3e9aa8ed9b"
"remove-outside-collaborators";"Hollywood";"Hollywood";"2018-04-12T18:50:13Z";"https://api.github.com/repos/Hollywood/remove-outside-collaborators/commits/77b9cd06b6b84d3881763dabc3a2a67c9b784f74";"293c007f1679fc0a32b8dee76669bf3e9aa8ed9b"
"remove-outside-collaborators";"Hollywood";"Hollywood";"2018-04-12T18:25:47Z";"https://api.github.com/repos/Hollywood/remove-outside-collaborators/commits/c1d2657f40b993db17b0adf15646d41e21486eda";"82e80c4803af6a506acebf94226a19ab006ccbd9"
"Warden";"Hollywood";"Hollywood";"2018-04-06T18:40:08Z";"https://api.github.com/repos/Hollywood/Warden/commits/e0a3d054e78d694c0aeff90a13a3bf85d307adc6";"a1ba57fe76cddf4740dab0bf4e7f7e60bc4f41fd"
"Warden";"Hollywood";"Hollywood";"2018-04-06T18:38:55Z";"https://api.github.com/repos/Hollywood/Warden/commits/4722b68e1d85134c6b4ad121fb50f1242423faf7";"a1ba57fe76cddf4740dab0bf4e7f7e60bc4f41fd"
"Warden";"Hollywood";"Hollywood";"2018-04-06T18:37:58Z";"https://api.github.com/repos/Hollywood/Warden/commits/81ea13aab262a7dbdcccb848715e3fddfe35bb48";"7bdc48cf7aede40cf7e98ea7d80e036311a61d0f"
"Warden";"Hollywood";"Hollywood";"2018-02-26T20:55:42Z";"https://api.github.com/repos/Hollywood/Warden/commits/cbe20dfca718e23197c51fcf29db04a6198ccc75";"a62c7a92c1221cc239e4f1cbbe30b91237da5cc1"
"Warden";"Hollywood";"Hollywood";"2018-01-31T17:57:14Z";"https://api.github.com/repos/Hollywood/Warden/commits/103c10d1518f405668ef6c11e645f10d0310e935";"2a0d4d726a28c13c21c730181cfc50cbca4bd89b"
"Warden";"Hollywood";"Hollywood";"2018-01-25T22:00:40Z";"https://api.github.com/repos/Hollywood/Warden/commits/ceae637d4e8e51e1d462f0844b72dc64471b9df1";"b8f1f1607b92bea15cd15c22ba447a346f9e5b5c"
"Warden";"Hollywood";"Hollywood";"2018-01-25T21:59:06Z";"https://api.github.com/repos/Hollywood/Warden/commits/e543b4cf46d269dc922314defd4df7644b9d2847";"b8f1f1607b92bea15cd15c22ba447a346f9e5b5c"
"Warden";"Hollywood";"Hollywood";"2018-01-25T21:52:03Z";"https://api.github.com/repos/Hollywood/Warden/commits/e4af0dae0353ebc0f1e88b1012ae42e646db7054";"1f4b8236cbc8d51b3c6f90fb94c56e55a32d904f"
"test_repo";"Usr45";"Usr45";"2017-12-07T23:02:02Z";"https://api.github.com/repos/Usr45/test_repo/commits/f43c4afd31002b85fea0d4e61dc9d9fd305a8630";"2972a721277636f820b3ad545edd532fee5e9c40"
"test_repo";"Usr45";"Usr45";"2017-12-07T23:01:51Z";"https://api.github.com/repos/Usr45/test_repo/commits/b8ad2b96c506134dc1018f55833fcccdc3bcbcab";"2972a721277636f820b3ad545edd532fee5e9c40"
"test_repo";"Usr45";"Hollywood";"2017-12-07T22:49:03Z";"https://api.github.com/repos/Usr45/test_repo/commits/e40e28332408283b426973ed662b4b904471d967";"2057dd82a787b0fabc8d4c53414be24170a4f7c8"